5.236363636363636775e-01,1.547619047619048782e-01,6.111111111111111605e-01,0.000000000000000000e+00
5.163636363636361359e-01,3.214285714285716189e-01,6.527777777777776791e-01,5.000000000000000000e-01
6.654545454545452987e-01,2.619047619047620845e-01,7.916666666666667407e-01,5.000000000000000000e-01
1.854545454545455385e-01,7.500000000000000000e-01,3.333333333333332593e-01,5.000000000000000000e-01
4.981818181818180591e-01,1.785714285714286031e-01,4.166666666666667407e-01,0.000000000000000000e+00
2.945454545454546658e-01,4.761904761904762751e-01,1.944444444444444198e-01,0.000000000000000000e+00
4.509090909090909260e-01,1.428571428571430157e-01,3.888888888888888395e-01,1.000000000000000000e+00
2.945454545454546658e-01,8.333333333333334814e-01,3.541666666666667407e-01,5.000000000000000000e-01
5.127272727272726982e-01,1.547619047619048782e-01,5.416666666666667407e-01,1.000000000000000000e+00
6.436363636363635621e-01,5.000000000000000000e-01,2.708333333333332593e-01,0.000000000000000000e+00
2.036363636363636154e-01,6.666666666666665186e-01,2.500000000000000000e-01,5.000000000000000000e-01
7.272727272727275150e-02,5.952380952380953438e-01,2.152777777777777901e-01,1.000000000000000000e+00
2.727272727272727071e-01,5.952380952380953438e-01,4.861111111111111605e-01,5.000000000000000000e-01
3.054545454545454231e-01,6.904761904761902436e-01,3.472222222222223209e-01,5.000000000000000000e-01
2.436363636363634289e-01,5.357142857142860315e-01,1.597222222222222099e-01,0.000000000000000000e+00
1.309090909090910859e-01,4.642857142857144126e-01,1.805555555555555802e-01,0.000000000000000000e+00
4.509090909090909260e-01,3.095238095238095344e-01,6.041666666666667407e-01,1.000000000000000000e+00
2.072727272727270531e-01,6.190476190476190688e-01,1.944444444444444198e-01,0.000000000000000000e+00
5.127272727272726982e-01,5.238095238095237249e-01,2.638888888888888395e-01,0.000000000000000000e+00
1.890909090909089763e-01,8.809523809523809312e-01,2.986111111111111605e-01,5.000000000000000000e-01
1.563636363636362603e-01,4.761904761904762751e-01,4.166666666666662966e-02,0.000000000000000000e+00
8.363636363636350879e-02,6.309523809523809312e-01,1.736111111111111605e-01,0.000000000000000000e+00
8.072727272727271419e-01,3.095238095238095344e-01,8.194444444444444198e-01,5.000000000000000000e-01
3.236363636363634999e-01,8.214285714285716189e-01,5.625000000000000000e-01,5.000000000000000000e-01
6.363636363636364646e-01,3.452380952380953438e-01,8.333333333333332593e-01,5.000000000000000000e-01
5.600000000000000533e-01,1.309523809523809312e-01,5.277777777777776791e-01,0.000000000000000000e+00
1.490909090909091628e-01,4.880952380952381375e-01,1.250000000000000000e-01,0.000000000000000000e+00
4.181818181818182101e-01,9.523809523809534383e-02,6.111111111111111605e-01,0.000000000000000000e+00
7.272727272727272929e-01,4.642857142857144126e-01,7.916666666666667407e-01,5.000000000000000000e-01
2.109090909090907129e-01,6.547619047619051003e-01,6.250000000000000000e-02,0.000000000000000000e+00
5.090909090909090384e-01,6.071428571428572063e-01,1.527777777777777901e-01,0.000000000000000000e+00
5.309090909090909971e-01,5.714285714285711748e-01,1.666666666666666297e-01,0.000000000000000000e+00
4.036363636363637930e-01,6.428571428571427937e-01,3.888888888888888395e-01,5.000000000000000000e-01
6.690909090909089585e-01,6.309523809523809312e-01,1.944444444444444198e-01,0.000000000000000000e+00
3.636363636363637575e-02,3.571428571428574283e-01,5.555555555555558023e-02,0.000000000000000000e+00
6.690909090909089585e-01,2.500000000000000000e-01,6.388888888888888395e-01,0.000000000000000000e+00
4.763636363636363225e-01,3.214285714285716189e-01,7.222222222222223209e-01,5.000000000000000000e-01
5.381818181818180946e-01,4.166666666666669627e-01,0.000000000000000000e+00,0.000000000000000000e+00
3.090909090909090828e-01,6.785714285714288252e-01,3.055555555555555802e-01,5.000000000000000000e-01
4.690909090909090029e-01,2.738095238095239470e-01,6.527777777777776791e-01,5.000000000000000000e-01
2.690909090909090473e-01,5.595238095238097564e-01,1.666666666666666297e-01,0.000000000000000000e+00
6.581818181818182012e-01,1.428571428571430157e-01,8.333333333333332593e-01,5.000000000000000000e-01
7.054545454545453342e-01,6.666666666666665186e-01,1.527777777777777901e-01,5.000000000000000000e-01
6.327272727272725827e-01,3.571428571428574283e-01,8.194444444444444198e-01,5.000000000000000000e-01
6.545454545454545414e-01,5.714285714285711748e-01,1.944444444444444198e-01,0.000000000000000000e+00
3.672727272727274173e-01,7.619047619047618625e-01,4.375000000000000000e-01,5.000000000000000000e-01
2.981818181818181035e-01,5.833333333333334814e-01,1.527777777777777901e-01,0.000000000000000000e+00
6.981818181818180147e-01,8.095238095238093123e-01,2.777777777777776791e-01,5.000000000000000000e-01
3.854545454545454941e-01,6.190476190476190688e-01,3.819444444444444198e-01,5.000000000000000000e-01
1.636363636363635798e-01,6.309523809523809312e-01,2.152777777777777901e-01,0.000000000000000000e+00
3.818181818181818343e-01,7.142857142857139685e-02,6.250000000000000000e-01,0.000000000000000000e+00
6.545454545454545414e-01,2.261904761904762751e-01,6.388888888888888395e-01,5.000000000000000000e-01
2.036363636363636154e-01,7.976190476190478940e-01,2.222222222222222099e-01,5.000000000000000000e-01
2.436363636363634289e-01,8.214285714285716189e-01,3.472222222222223209e-01,5.000000000000000000e-01
5.054545454545453786e-01,1.000000000000000000e+00,4.166666666666667407e-01,5.000000000000000000e-01
4.109090909090908905e-01,1.547619047619048782e-01,5.277777777777776791e-01,0.000000000000000000e+00
3.199999999999998401e-01,4.166666666666669627e-01,1.388888888888888395e-01,0.000000000000000000e+00
4.981818181818180591e-01,6.904761904761902436e-01,4.027777777777776791e-01,5.000000000000000000e-01
4.981818181818180591e-01,1.309523809523809312e-01,5.555555555555555802e-01,0.000000000000000000e+00
3.418181818181817988e-01,6.190476190476190688e-01,4.444444444444444198e-01,5.000000000000000000e-01
1.854545454545455385e-01,5.952380952380953438e-01,3.333333333333332593e-01,5.000000000000000000e-01
6.727272727272726183e-01,7.500000000000000000e-01,3.055555555555555802e-01,5.000000000000000000e-01
1.381818181818181834e-01,7.261904761904762751e-01,3.055555555555555802e-01,0.000000000000000000e+00
1.054545454545454675e-01,5.714285714285711748e-01,2.847222222222223209e-01,0.000000000000000000e+00
5.309090909090909971e-01,2.619047619047620845e-01,6.944444444444444198e-01,5.000000000000000000e-01
5.345454545454544348e-01,3.571428571428574283e-01,7.777777777777776791e-01,5.000000000000000000e-01
4.872727272727273018e-01,4.642857142857144126e-01,2.222222222222222099e-01,0.000000000000000000e+00
4.509090909090909260e-01,1.904761904761904656e-01,5.972222222222223209e-01,0.000000000000000000e+00
9.418181818181816656e-01,5.595238095238097564e-01,2.777777777777776791e-01,0.000000000000000000e+00
5.709090909090908106e-01,2.261904761904762751e-01,8.194444444444444198e-01,5.000000000000000000e-01
3.272727272727273817e-01,5.952380952380953438e-01,4.444444444444444198e-01,5.000000000000000000e-01
3.272727272727273817e-01,7.023809523809525501e-01,2.013888888888888395e-01,5.000000000000000000e-01
6.836363636363635976e-01,7.142857142857144126e-01,2.361111111111111605e-01,5.000000000000000000e-01
4.799999999999997602e-01,8.333333333333348136e-02,4.166666666666667407e-01,0.000000000000000000e+00
6.581818181818182012e-01,6.666666666666665186e-01,2.986111111111111605e-01,0.000000000000000000e+00
7.236363636363636331e-01,7.023809523809525501e-01,4.027777777777776791e-01,5.000000000000000000e-01
7.781818181818180857e-01,8.095238095238093123e-01,5.000000000000000000e-01,5.000000000000000000e-01
3.090909090909090828e-01,4.880952380952381375e-01,2.152777777777777901e-01,5.000000000000000000e-01
2.072727272727270531e-01,5.952380952380953438e-01,2.916666666666667407e-01,5.000000000000000000e-01
6.799999999999999378e-01,6.428571428571427937e-01,4.861111111111111605e-01,5.000000000000000000e-01
9.090909090909082835e-02,9.523809523809525501e-01,4.722222222222223209e-01,5.000000000000000000e-01
1.999999999999999556e-01,7.142857142857144126e-01,2.916666666666667407e-01,5.000000000000000000e-01
6.872727272727272574e-01,6.785714285714288252e-01,3.888888888888888395e-01,5.000000000000000000e-01
2.363636363636363313e-01,9.642857142857144126e-01,3.055555555555555802e-01,5.000000000000000000e-01
1.599999999999999201e-01,5.833333333333334814e-01,1.250000000000000000e-01,0.000000000000000000e+00
5.090909090909090384e-01,2.380952380952381375e-01,6.666666666666667407e-01,5.000000000000000000e-01
5.636363636363637131e-01,1.666666666666667407e-01,7.500000000000000000e-01,5.000000000000000000e-01
5.345454545454544348e-01,4.047619047619048782e-01,2.638888888888888395e-01,0.000000000000000000e+00
0.000000000000000000e+00,2.857142857142858094e-01,9.722222222222220989e-02,0.000000000000000000e+00
5.199999999999997957e-01,5.595238095238097564e-01,2.777777777777776791e-01,0.000000000000000000e+00
2.618181818181817277e-01,8.928571428571432378e-01,2.638888888888888395e-01,5.000000000000000000e-01
8.036363636363637042e-01,9.166666666666669627e-01,4.444444444444444198e-01,5.000000000000000000e-01
4.763636363636363225e-01,3.928571428571427937e-01,9.027777777777776791e-01,5.000000000000000000e-01
1.418181818181818432e-01,4.761904761904762751e-01,2.777777777777776791e-01,0.000000000000000000e+00
3.381818181818181390e-01,6.428571428571427937e-01,3.263888888888888395e-01,5.000000000000000000e-01
1.599999999999999201e-01,4.166666666666669627e-01,4.166666666666662966e-02,0.000000000000000000e+00
2.509090909090909705e-01,6.666666666666665186e-01,2.638888888888888395e-01,5.000000000000000000e-01
2.690909090909090473e-01,5.119047619047618625e-01,3.055555555555555802e-01,0.000000000000000000e+00
1.127272727272727870e-01,3.333333333333334814e-01,9.722222222222220989e-02,0.000000000000000000e+00
6.690909090909089585e-01,3.333333333333334814e-01,7.916666666666667407e-01,5.000000000000000000e-01
3.199999999999998401e-01,7.142857142857139685e-02,5.416666666666667407e-01,0.000000000000000000e+00
4.872727272727273018e-01,2.261904761904762751e-01,6.388888888888888395e-01,5.000000000000000000e-01
4.763636363636363225e-01,8.333333333333348136e-02,5.694444444444444198e-01,0.000000000000000000e+00
5.963636363636362070e-01,1.190476190476190688e-01,7.222222222222223209e-01,5.000000000000000000e-01
2.218181818181819143e-01,8.214285714285716189e-01,3.333333333333332593e-01,5.000000000000000000e-01
2.072727272727270531e-01,4.761904761904762751e-01,1.666666666666666297e-01,1.000000000000000000e+00
4.727272727272726627e-01,1.666666666666667407e-01,6.388888888888888395e-01,0.000000000000000000e+00
2.363636363636363313e-01,4.642857142857144126e-01,5.555555555555558023e-02,0.000000000000000000e+00
3.781818181818181746e-01,4.285714285714286031e-01,1.805555555555555802e-01,0.000000000000000000e+00
5.600000000000000533e-01,2.261904761904762751e-01,6.250000000000000000e-01,0.000000000000000000e+00
2.072727272727270531e-01,5.000000000000000000e-01,2.777777777777776791e-01,1.000000000000000000e+00
3.381818181818181390e-01,6.547619047619051003e-01,2.777777777777776791e-01,5.000000000000000000e-01
3.454545454545454586e-01,5.833333333333334814e-01,3.472222222222223209e-01,5.000000000000000000e-01
3.927272727272725916e-01,5.357142857142860315e-01,5.555555555555555802e-01,5.000000000000000000e-01
5.818181818181817899e-01,3.928571428571427937e-01,1.736111111111111605e-01,0.000000000000000000e+00
5.527272727272725117e-01,2.619047619047620845e-01,7.083333333333332593e-01,5.000000000000000000e-01
5.600000000000000533e-01,1.071428571428572063e-01,6.041666666666667407e-01,0.000000000000000000e+00
1.163636363636362248e-01,6.904761904761902436e-01,3.055555555555555802e-01,0.000000000000000000e+00
6.036363636363637486e-01,1.190476190476190688e-01,4.861111111111111605e-01,0.000000000000000000e+00
2.472727272727270886e-01,5.595238095238097564e-01,2.569444444444444198e-01,0.000000000000000000e+00
7.018181818181816745e-01,7.023809523809525501e-01,3.472222222222223209e-01,5.000000000000000000e-01
1.236363636363635443e-01,3.690476190476190688e-01,1.805555555555555802e-01,0.000000000000000000e+00
7.236363636363636331e-01,9.047619047619046562e-01,5.833333333333332593e-01,5.000000000000000000e-01
5.127272727272726982e-01,1.190476190476190688e-01,4.652777777777776791e-01,0.000000000000000000e+00
6.327272727272725827e-01,3.690476190476190688e-01,8.611111111111111605e-01,5.000000000000000000e-01
5.527272727272725117e-01,8.333333333333348136e-02,5.625000000000000000e-01,1.000000000000000000e+00
5.963636363636362070e-01,2.261904761904762751e-01,5.972222222222223209e-01,0.000000000000000000e+00
4.363636363636362869e-01,5.833333333333334814e-01,3.611111111111111605e-01,5.000000000000000000e-01
1.272727272727272041e-01,5.238095238095237249e-01,1.319444444444444198e-01,0.000000000000000000e+00
6.509090909090908816e-01,2.619047619047620845e-01,7.916666666666667407e-01,5.000000000000000000e-01
3.599999999999998757e-01,8.452380952380953438e-01,4.305555555555555802e-01,1.000000000000000000e+00
5.272727272727273373e-01,5.595238095238097564e-01,3.055555555555555802e-01,0.000000000000000000e+00
6.763636363636365001e-01,7.857142857142855874e-01,3.750000000000000000e-01,5.000000000000000000e-01
5.199999999999997957e-01,6.547619047619051003e-01,2.083333333333333703e-01,0.000000000000000000e+00
5.345454545454544348e-01,2.738095238095239470e-01,6.805555555555555802e-01,5.000000000000000000e-01
3.163636363636361803e-01,6.904761904761902436e-01,4.444444444444444198e-01,5.000000000000000000e-01
2.436363636363634289e-01,4.880952380952381375e-01,3.055555555555555802e-01,5.000000000000000000e-01
3.672727272727274173e-01,6.428571428571427937e-01,2.361111111111111605e-01,0.000000000000000000e+00
6.690909090909089585e-01,7.738095238095241690e-01,3.750000000000000000e-01,5.000000000000000000e-01
4.145454545454545503e-01,5.952380952380953438e-01,1.944444444444444198e-01,0.000000000000000000e+00
5.199999999999997957e-01,2.976190476190476719e-01,6.388888888888888395e-01,5.000000000000000000e-01
2.763636363636363669e-01,6.309523809523809312e-01,3.333333333333332593e-01,5.000000000000000000e-01
2.690909090909090473e-01,4.285714285714286031e-01,1.527777777777777901e-01,0.000000000000000000e+00
1.490909090909091628e-01,5.000000000000000000e-01,1.666666666666666297e-01,0.000000000000000000e+00
1.309090909090910859e-01,4.523809523809521060e-01,1.250000000000000000e-01,0.000000000000000000e+00
5.600000000000000533e-01,4.404761904761906877e-01,3.333333333333332593e-01,0.000000000000000000e+00
6.909090909090909172e-01,4.047619047619048782e-01,7.083333333333332593e-01,5.000000000000000000e-01
5.127272727272726982e-01,2.142857142857144126e-01,7.222222222222223209e-01,5.000000000000000000e-01
6.363636363636364646e-01,6.071428571428572063e-01,2.986111111111111605e-01,5.000000000000000000e-01
3.345454545454544792e-01,9.523809523809525501e-01,4.722222222222223209e-01,5.000000000000000000e-01
2.909090909090910060e-01,6.904761904761902436e-01,4.444444444444444198e-01,5.000000000000000000e-01
1.745454545454545592e-01,6.547619047619051003e-01,2.222222222222222099e-01,0.000000000000000000e+00
6.000000000000000888e-01,3.452380952380953438e-01,8.611111111111111605e-01,5.000000000000000000e-01
5.090909090909090384e-01,1.190476190476186247e-02,5.000000000000000000e-01,0.000000000000000000e+00
2.981818181818181035e-01,6.428571428571427937e-01,4.583333333333332593e-01,5.000000000000000000e-01
2.509090909090909705e-01,4.761904761904762751e-01,9.722222222222220989e-02,0.000000000000000000e+00
6.363636363636364646e-01,2.261904761904762751e-01,5.694444444444444198e-01,5.000000000000000000e-01
5.927272727272725472e-01,3.809523809523811533e-01,7.500000000000000000e-01,5.000000000000000000e-01
5.236363636363636775e-01,1.666666666666667407e-01,4.722222222222223209e-01,0.000000000000000000e+00
5.636363636363637131e-01,6.190476190476190688e-01,3.194444444444444198e-01,0.000000000000000000e+00
4.654545454545453431e-01,2.380952380952394698e-02,6.666666666666667407e-01,0.000000000000000000e+00
2.763636363636363669e-01,6.904761904761902436e-01,2.361111111111111605e-01,5.000000000000000000e-01
5.090909090909079282e-02,7.023809523809525501e-01,2.500000000000000000e-01,0.000000000000000000e+00
1.709090909090906774e-01,6.428571428571427937e-01,2.222222222222222099e-01,0.000000000000000000e+00
6.218181818181818254e-01,6.071428571428572063e-01,4.722222222222223209e-01,5.000000000000000000e-01
3.272727272727273817e-01,6.547619047619051003e-01,1.736111111111111605e-01,5.000000000000000000e-01
4.727272727272726627e-01,1.666666666666667407e-01,6.527777777777776791e-01,0.000000000000000000e+00
3.199999999999998401e-01,4.404761904761906877e-01,2.777777777777776791e-01,0.000000000000000000e+00
7.745454545454544260e-01,3.214285714285716189e-01,7.777777777777776791e-01,5.000000000000000000e-01
5.490909090909090740e-01,2.857142857142858094e-01,6.319444444444444198e-01,0.000000000000000000e+00
4.836363636363636420e-01,1.785714285714286031e-01,5.833333333333332593e-01,0.000000000000000000e+00
5.054545454545453786e-01,6.904761904761902436e-01,4.027777777777776791e-01,0.000000000000000000e+00
6.290909090909089230e-01,3.214285714285716189e-01,6.180555555555555802e-01,5.000000000000000000e-01
2.727272727272727071e-01,4.880952380952381375e-01,2.361111111111111605e-01,0.000000000000000000e+00
3.090909090909090828e-01,6.547619047619051003e-01,2.361111111111111605e-01,5.000000000000000000e-01
2.181818181818182545e-01,4.047619047619048782e-01,3.125000000000000000e-01,0.000000000000000000e+00
6.036363636363637486e-01,3.095238095238095344e-01,7.361111111111111605e-01,5.000000000000000000e-01
6.618181818181816389e-01,8.214285714285716189e-01,1.666666666666666297e-01,5.000000000000000000e-01
5.127272727272726982e-01,1.666666666666667407e-01,5.833333333333332593e-01,0.000000000000000000e+00
1.890909090909089763e-01,5.595238095238097564e-01,1.805555555555555802e-01,0.000000000000000000e+00
7.054545454545453342e-01,3.809523809523811533e-01,7.777777777777776791e-01,5.000000000000000000e-01
7.527272727272724673e-01,8.214285714285716189e-01,5.138888888888888395e-01,5.000000000000000000e-01
1.090909090909091272e-01,7.500000000000000000e-01,4.166666666666667407e-01,5.000000000000000000e-01
1.563636363636362603e-01,4.642857142857144126e-01,1.736111111111111605e-01,0.000000000000000000e+00
6.909090909090909172e-02,4.761904761904762751e-01,1.944444444444444198e-01,0.000000000000000000e+00
6.181818181818181657e-01,1.666666666666667407e-01,5.347222222222223209e-01,0.000000000000000000e+00
2.763636363636363669e-01,5.476190476190474499e-01,1.388888888888888395e-01,0.000000000000000000e+00
1.309090909090910859e-01,5.833333333333334814e-01,2.361111111111111605e-01,0.000000000000000000e+00
3.199999999999998401e-01,6.904761904761902436e-01,3.333333333333332593e-01,5.000000000000000000e-01
2.181818181818182545e-01,4.642857142857144126e-01,1.319444444444444198e-01,0.000000000000000000e+00
1.418181818181818432e-01,6.428571428571427937e-01,1.111111111111111605e-01,0.000000000000000000e+00
4.945454545454546214e-01,5.000000000000000000e-01,2.500000000000000000e-01,0.000000000000000000e+00
3.781818181818181746e-01,5.000000000000000000e-01,1.805555555555555802e-01,0.000000000000000000e+00
6.909090909090909172e-01,3.809523809523811533e-01,9.166666666666667407e-01,5.000000000000000000e-01
4.036363636363637930e-01,7.023809523809525501e-01,5.763888888888888395e-01,5.000000000000000000e-01
3.345454545454544792e-01,8.571428571428572063e-01,2.361111111111111605e-01,5.000000000000000000e-01
5.018181818181817189e-01,4.761904761904762751e-01,2.430555555555555802e-01,0.000000000000000000e+00
1.381818181818181834e-01,4.166666666666669627e-01,9.722222222222220989e-02,0.000000000000000000e+00
4.036363636363637930e-01,4.166666666666669627e-01,5.555555555555558023e-02,0.000000000000000000e+00
2.399999999999999911e-01,7.023809523809525501e-01,2.083333333333333703e-01,0.000000000000000000e+00
6.254545454545452632e-01,3.095238095238095344e-01,8.750000000000000000e-01,5.000000000000000000e-01
1.636363636363635798e-01,5.595238095238097564e-01,2.777777777777776791e-01,0.000000000000000000e+00
3.636363636363637575e-01,7.142857142857144126e-01,3.611111111111111605e-01,5.000000000000000000e-01
3.890909090909089318e-01,1.309523809523809312e-01,5.555555555555555802e-01,0.000000000000000000e+00
6.436363636363635621e-01,3.333333333333334814e-01,9.027777777777776791e-01,5.000000000000000000e-01
3.854545454545454941e-01,7.142857142857139685e-02,3.472222222222223209e-01,0.000000000000000000e+00
6.181818181818181657e-01,2.023809523809525501e-01,6.805555555555555802e-01,0.000000000000000000e+00
1.999999999999999556e-01,4.642857142857144126e-01,2.500000000000000000e-01,0.000000000000000000e+00
4.872727272727273018e-01,7.142857142857139685e-02,5.416666666666667407e-01,0.000000000000000000e+00
3.127272727272727426e-01,4.642857142857144126e-01,2.847222222222223209e-01,5.000000000000000000e-01
2.727272727272727071e-01,5.476190476190474499e-01,2.222222222222222099e-01,0.000000000000000000e+00
8.618181818181815945e-01,7.976190476190478940e-01,3.611111111111111605e-01,5.000000000000000000e-01
7.418181818181817100e-01,2.976190476190476719e-01,7.638888888888888395e-01,5.000000000000000000e-01
2.509090909090909705e-01,5.238095238095237249e-01,2.361111111111111605e-01,0.000000000000000000e+00
4.763636363636363225e-01,2.023809523809525501e-01,6.944444444444444198e-01,0.000000000000000000e+00
2.581818181818182900e-01,7.738095238095241690e-01,5.486111111111111605e-01,5.000000000000000000e-01
4.763636363636363225e-01,5.595238095238097564e-01,3.472222222222223209e-01,0.000000000000000000e+00
4.836363636363636420e-01,6.666666666666665186e-01,2.291666666666666297e-01,0.000000000000000000e+00
5.854545454545454497e-01,1.428571428571430157e-01,5.277777777777776791e-01,0.000000000000000000e+00
5.854545454545454497e-01,2.976190476190476719e-01,6.666666666666667407e-01,5.000000000000000000e-01
6.181818181818181657e-01,2.261904761904762751e-01,7.777777777777776791e-01,5.000000000000000000e-01
1.890909090909089763e-01,4.404761904761906877e-01,8.333333333333337034e-02,0.000000000000000000e+00
4.945454545454546214e-01,9.523809523809534383e-02,4.722222222222223209e-01,0.000000000000000000e+00
5.490909090909090740e-01,7.142857142857139685e-02,6.180555555555555802e-01,0.000000000000000000e+00
1.963636363636362958e-01,6.428571428571427937e-01,4.930555555555555802e-01,5.000000000000000000e-01
6.654545454545452987e-01,3.095238095238095344e-01,8.472222222222223209e-01,5.000000000000000000e-01
9.999999999999997780e-01,4.642857142857144126e-01,9.305555555555555802e-01,5.000000000000000000e-01
1.999999999999999556e-01,7.380952380952381375e-01,1.666666666666666297e-01,0.000000000000000000e+00
4.909090909090909616e-01,7.500000000000000000e-01,2.291666666666666297e-01,0.000000000000000000e+00
6.036363636363637486e-01,2.380952380952381375e-01,7.361111111111111605e-01,5.000000000000000000e-01
1.054545454545454675e-01,5.714285714285711748e-01,2.083333333333333703e-01,0.000000000000000000e+00
2.327272727272726716e-01,5.714285714285711748e-01,1.736111111111111605e-01,0.000000000000000000e+00
4.145454545454545503e-01,1.309523809523809312e-01,5.555555555555555802e-01,0.000000000000000000e+00
8.654545454545454763e-01,4.642857142857144126e-01,8.055555555555555802e-01,5.000000000000000000e-01
3.927272727272725916e-01,0.000000000000000000e+00,6.388888888888888395e-01,0.000000000000000000e+00
6.509090909090908816e-01,3.333333333333334814e-01,7.361111111111111605e-01,5.000000000000000000e-01
6.799999999999999378e-01,7.023809523809525501e-01,3.888888888888888395e-01,5.000000000000000000e-01
6.472727272727272219e-01,3.571428571428574283e-01,7.500000000000000000e-01,5.000000000000000000e-01
